Volunteer_ID,Shift_ID
376,112
132,253
371,158
108,295
317,356
22,223
482,414
157,282
371,280
225,357
398,457
5,251
390,335
279,364
450,18
414,47
90,258
59,40
460,169
181,448
79,147
290,79
258,128
321,467
398,6
107,63
443,318
5,152
322,459
87,48
266,97
57,51
350,179
3,482
354,284
274,446
40,240
378,2
314,43
177,274
75,322
197,1
306,159
18,147
445,46
195,155
159,74
40,250
245,133
482,237
345,289
227,244
156,391
250,401
66,400
327,474
407,9
194,262
9,132
462,269
269,234
444,494
259,169
28,42
219,339
247,214
109,31
16,168
122,349
272,416
152,120
402,198
256,222
189,340
476,465
353,81
313,371
366,65
278,130
238,219
458,98
356,380
360,383
50,416
174,327
229,137
180,140
385,176
416,408
499,379
371,130
252,14
356,271
487,35
408,33
102,249
247,364
469,12
44,301
105,144
304,2
452,55
180,466
172,383
187,269
271,44
110,3
370,201
351,393
463,441
431,273
302,272
238,181
223,82
127,113
359,437
137,16
237,432
405,179
1,60
78,471
346,354
23,40
487,223
101,465
468,321
324,376
426,130
18,213
9,89
377,376
224,229
490,208
344,259
308,272
287,97
337,365
372,71
360,259
227,24
465,34
38,134
326,390
276,490
411,37
412,280
101,491
268,484
236,91
105,89
145,422
441,219
246,477
360,208
453,120
354,440
449,460
299,246
116,30
347,263
250,24
318,68
459,172
245,340
40,193
102,211
386,214
451,339
133,159
128,35
221,385
362,42
365,414
12,362
224,420
497,309
358,24
107,420
449,244
5,470
117,480
452,193
452,34
460,300
145,293
250,269
295,31
156,324
496,27
19,414
446,222
420,479
208,418
413,326
328,106
494,80
77,250
145,302
100,89
48,30
463,209
344,401
161,112
50,266
253,202
352,141
241,129
70,300
476,101
477,129
75,321
251,192
193,449
252,275
476,401
237,412
67,363
124,485
73,460
265,424
349,236
267,67
159,107
117,82
55,61
115,339
43,368
349,17
49,270
45,367
6,335
287,175
377,140
53,485
1,119
8,195
255,385
110,177
339,481
352,449
272,300
152,40
315,193
229,317
388,441
494,292
145,145
203,325
47,84
356,285
321,46
263,393
57,424
446,331
314,30
225,484
340,425
269,23
252,79
91,26
39,422
237,424
77,445
478,75
121,224
224,244
32,156
13,47
445,398
449,177
444,107
142,402
457,494
50,159
115,310
178,465
305,204
460,31
469,67
70,235
408,40
0,85
153,222
160,342
416,495
56,446
481,436
413,157
278,185
297,82
313,346
282,119
144,102
227,213
428,271
238,325
161,374
134,37
382,219
85,434
464,165
48,387
61,434
311,419
227,87
303,182
410,332
173,296
61,457
42,27
26,465
138,458
500,98
301,437
243,75
446,194
310,95
89,222
110,29
272,207
334,439
442,389
460,405
355,115
278,333
153,27
332,89
114,443
52,47
390,136
286,410
484,450
425,367
107,477
131,306
90,9
235,429
273,38
473,344
252,426
281,41
14,102
278,74
66,247
479,22
162,193
234,64
468,182
297,344
185,161
73,56
96,111
263,263
411,278
57,303
134,75
419,488
240,385
297,322
369,464
32,184
492,3
193,154
145,219
293,491
288,296
68,197
319,291
102,131
240,272
46,140
231,132
177,44
422,98
380,266
457,228
407,389
99,290
368,345
444,71
388,180
304,264
460,412
348,360
437,41
434,318
169,475
465,87
253,185
485,188
115,32
449,26
82,349
213,376
496,300
177,370
126,488
152,22
420,407
114,316
418,90
375,461
23,469
321,467
358,419
63,30
287,330
224,100
155,452
205,38
337,81
238,195
89,250
38,446
195,429
285,466
209,376
1,3
381,46
48,296
353,470
179,219
213,223
426,23
191,275
260,382
331,201
52,176
67,229
52,252
186,350
328,245
39,106
360,467
443,2
433,384
253,336
261,4
376,147
206,418
376,148
233,317
133,105
347,478
314,117
399,114
321,165
402,61
97,271
187,32
198,323
104,373
89,316
313,366
242,351
361,57
264,66
167,82
25,286
118,106
192,468
264,375
410,404
72,332
142,259
226,59
431,89
85,187
241,107
283,332
166,140
483,390
264,434
377,64
89,179
364,380
442,358
419,243
97,494
324,16
13,301
61,352
369,28
481,95
84,435
146,2
191,426
252,192
404,260
396,429
161,133
149,242
2,190
398,64
440,7
82,145
126,280
279,406
111,490
207,365
