volunteer_ID,join_date,name,role_ID,gear_ID,phone_number
0,2019-11-28,Soldier,342,108,053-000-0000
1,2019-01-31,Nurse,465,97,053-001-0001
2,2019-11-21,Firefighter,384,27,053-002-0002
3,2019-05-29,Supervisor,235,131,053-003-0003
4,2019-05-04,Engineer,85,343,053-004-0004
5,2019-03-16,Firefighter,59,354,053-005-0005
6,2019-06-03,Police,192,202,053-006-0006
7,2019-01-15,Soldier,5,485,053-007-0007
8,2019-08-11,Doctor,484,104,053-008-0008
9,2019-08-19,Supervisor,486,487,053-009-0009
10,2019-12-13,Manager,248,48,053-010-0010
11,2019-06-21,Paramedic,372,299,053-011-0011
12,2019-03-30,Firefighter,197,490,053-012-0012
13,2019-02-24,Manager,341,498,053-013-0013
14,2019-01-12,Coordinator,431,350,053-014-0014
15,2019-10-18,Receptionist,359,419,053-015-0015
16,2019-11-13,Nurse,451,325,053-016-0016
17,2019-12-12,Volunteer,380,152,053-017-0017
18,2019-01-26,Driver,387,65,053-018-0018
19,2019-01-14,Receptionist,58,237,053-019-0019
20,2019-12-06,Technician,392,102,053-020-0020
21,2019-02-20,Volunteer,352,343,053-021-0021
22,2019-01-30,Paramedic,408,384,053-022-0022
23,2019-08-12,Guard,171,340,053-023-0023
24,2019-06-23,Receptionist,25,403,053-024-0024
25,2019-02-12,Volunteer,401,95,053-025-0025
26,2019-01-31,Technician,439,452,053-026-0026
27,2019-09-24,Manager,101,262,053-027-0027
28,2019-06-24,Technician,282,302,053-028-0028
29,2019-11-23,Secretary,320,45,053-029-0029
30,2019-09-18,Police,53,376,053-030-0030
31,2019-04-07,Electrician,131,450,053-031-0031
32,2019-01-20,Driver,350,259,053-032-0032
33,2019-04-04,Pilot,102,186,053-033-0033
34,2019-03-29,Pilot,146,475,053-034-0034
35,2019-09-11,Receptionist,415,265,053-035-0035
36,2019-03-30,Driver,55,113,053-036-0036
37,2019-12-23,Paramedic,493,487,053-037-0037
38,2019-09-11,Driver,484,464,053-038-0038
39,2019-03-25,Technician,246,148,053-039-0039
40,2019-07-07,Engineer,158,253,053-040-0040
41,2019-03-06,Security,400,15,053-041-0041
42,2019-02-28,Police,159,439,053-042-0042
43,2019-07-01,Doctor,16,26,053-043-0043
44,2019-01-29,Firefighter,19,259,053-044-0044
45,2019-06-17,Receptionist,257,430,053-045-0045
46,2019-04-23,Guard,191,122,053-046-0046
47,2019-08-24,Guard,458,326,053-047-0047
48,2019-11-12,Soldier,494,186,053-048-0048
49,2019-05-17,Doctor,322,226,053-049-0049
50,2019-07-26,Driver,139,426,053-050-0050
51,2019-01-09,Soldier,40,489,053-051-0051
52,2019-02-13,Pilot,379,116,053-052-0052
53,2019-09-04,Manager,135,315,053-053-0053
54,2019-07-13,Engineer,99,196,053-054-0054
55,2019-07-12,Doctor,222,232,053-055-0055
56,2019-09-06,Driver,113,364,053-056-0056
57,2019-04-10,Guard,316,489,053-057-0057
58,2019-01-05,Receptionist,86,90,053-058-0058
59,2019-02-10,Engineer,242,462,053-059-0059
60,2019-01-07,Coordinator,209,480,053-060-0060
61,2019-10-19,Driver,17,84,053-061-0061
62,2019-10-24,Secretary,77,245,053-062-0062
63,2019-05-10,Soldier,52,167,053-063-0063
64,2019-07-31,Engineer,465,227,053-064-0064
65,2019-12-20,Soldier,344,425,053-065-0065
66,2019-02-01,Secretary,103,419,053-066-0066
67,2019-12-06,Guard,415,70,053-067-0067
68,2019-11-26,Coordinator,67,158,053-068-0068
69,2019-12-15,Firefighter,118,113,053-069-0069
70,2019-01-13,Soldier,269,89,053-070-0070
71,2019-08-02,Volunteer,0,311,053-071-0071
72,2019-12-06,Driver,428,166,053-072-0072
73,2019-07-07,Doctor,463,25,053-073-0073
74,2019-07-18,Engineer,314,130,053-074-0074
75,2019-12-09,Guard,145,168,053-075-0075
76,2019-10-19,Nurse,17,286,053-076-0076
77,2019-10-22,Volunteer,450,242,053-077-0077
78,2019-03-09,Pilot,42,352,053-078-0078
79,2019-12-24,Firefighter,486,250,053-079-0079
80,2019-03-14,Security,26,71,053-080-0080
81,2019-10-25,Pilot,461,263,053-081-0081
82,2019-07-16,Manager,155,462,053-082-0082
83,2019-02-17,Manager,349,115,053-083-0083
84,2019-06-02,Pilot,401,17,053-084-0084
85,2019-11-01,Doctor,288,341,053-085-0085
86,2019-06-29,Doctor,75,173,053-086-0086
87,2019-04-17,Supervisor,355,193,053-087-0087
88,2019-08-05,Security,60,169,053-088-0088
89,2019-12-27,Firefighter,494,69,053-089-0089
90,2019-02-12,Coordinator,256,395,053-090-0090
91,2019-05-01,Manager,398,332,053-091-0091
92,2019-12-29,Engineer,225,293,053-092-0092
93,2019-02-07,Volunteer,209,111,053-093-0093
94,2019-02-06,Manager,332,312,053-094-0094
95,2019-08-23,Nurse,393,383,053-095-0095
96,2019-04-29,Police,431,102,053-096-0096
97,2019-05-04,Paramedic,154,429,053-097-0097
98,2019-03-21,Supervisor,291,215,053-098-0098
99,2019-03-01,Pilot,460,302,053-099-0099
100,2019-08-25,Mechanic,326,175,053-100-0100
101,2019-04-25,Guard,95,216,053-101-0101
102,2019-02-13,Paramedic,376,77,053-102-0102
103,2019-09-21,Secretary,60,13,053-103-0103
104,2019-01-18,Soldier,42,369,053-104-0104
105,2019-04-12,Coordinator,43,151,053-105-0105
106,2019-06-21,Receptionist,489,0,053-106-0106
107,2019-06-08,Guard,64,164,053-107-0107
108,2019-07-19,Manager,343,187,053-108-0108
109,2019-10-21,Doctor,173,19,053-109-0109
110,2019-05-07,Secretary,192,43,053-110-0110
111,2019-01-04,Engineer,29,454,053-111-0111
112,2019-11-16,Police,190,223,053-112-0112
113,2019-08-13,Receptionist,290,105,053-113-0113
114,2019-05-07,Paramedic,302,196,053-114-0114
115,2019-03-12,Supervisor,290,397,053-115-0115
116,2019-07-17,Receptionist,329,151,053-116-0116
117,2019-03-21,Mechanic,428,106,053-117-0117
118,2019-06-10,Electrician,348,500,053-118-0118
119,2019-12-03,Secretary,10,308,053-119-0119
120,2019-07-08,Pilot,118,365,053-120-0120
121,2019-01-27,Security,219,471,053-121-0121
122,2019-08-24,Doctor,74,51,053-122-0122
123,2019-10-03,Nurse,168,67,053-123-0123
124,2019-11-12,Driver,331,374,053-124-0124
125,2019-09-14,Secretary,310,282,053-125-0125
126,2019-03-18,Driver,192,322,053-126-0126
127,2019-04-14,Manager,461,264,053-127-0127
128,2019-02-10,Secretary,2,120,053-128-0128
129,2019-06-17,Paramedic,335,219,053-129-0129
130,2019-02-17,Receptionist,269,32,053-130-0130
131,2019-07-18,Electrician,60,117,053-131-0131
132,2019-07-18,Coordinator,438,464,053-132-0132
133,2019-03-10,Mechanic,389,40,053-133-0133
134,2019-02-18,Technician,171,97,053-134-0134
135,2019-02-16,Supervisor,151,8,053-135-0135
136,2019-12-20,Electrician,280,428,053-136-0136
137,2019-02-07,Receptionist,188,268,053-137-0137
138,2019-04-05,Driver,471,290,053-138-0138
139,2019-04-17,Supervisor,300,104,053-139-0139
140,2019-08-05,Receptionist,414,91,053-140-0140
141,2019-04-16,Engineer,135,331,053-141-0141
142,2019-12-17,Manager,6,270,053-142-0142
143,2019-03-09,Engineer,12,7,053-143-0143
144,2019-04-10,Security,478,60,053-144-0144
145,2019-07-02,Secretary,366,58,053-145-0145
146,2019-08-27,Mechanic,327,453,053-146-0146
147,2019-03-31,Soldier,344,240,053-147-0147
148,2019-07-16,Driver,470,125,053-148-0148
149,2019-10-27,Engineer,299,276,053-149-0149
150,2019-12-12,Mechanic,215,287,053-150-0150
151,2019-07-05,Technician,372,354,053-151-0151
152,2019-07-05,Guard,131,17,053-152-0152
153,2019-09-28,Driver,310,110,053-153-0153
154,2019-06-17,Driver,423,128,053-154-0154
155,2019-09-04,Mechanic,375,68,053-155-0155
156,2019-03-26,Volunteer,464,329,053-156-0156
157,2019-11-01,Paramedic,437,98,053-157-0157
158,2019-01-06,Security,171,198,053-158-0158
159,2019-02-22,Nurse,358,441,053-159-0159
160,2019-07-23,Nurse,47,340,053-160-0160
161,2019-01-01,Receptionist,133,119,053-161-0161
162,2019-09-24,Supervisor,345,22,053-162-0162
163,2019-06-10,Technician,238,103,053-163-0163
164,2019-05-27,Firefighter,329,248,053-164-0164
165,2019-11-08,Doctor,419,92,053-165-0165
166,2019-07-26,Volunteer,141,395,053-166-0166
167,2019-08-13,Doctor,162,232,053-167-0167
168,2019-08-02,Police,110,64,053-168-0168
169,2019-10-25,Technician,92,71,053-169-0169
170,2019-03-28,Manager,337,321,053-170-0170
171,2019-06-07,Manager,128,429,053-171-0171
172,2019-08-14,Driver,496,312,053-172-0172
173,2019-12-06,Paramedic,341,110,053-173-0173
174,2019-03-09,Doctor,173,321,053-174-0174
175,2019-05-04,Volunteer,58,220,053-175-0175
176,2019-07-28,Soldier,131,395,053-176-0176
177,2019-06-25,Volunteer,275,0,053-177-0177
178,2019-12-18,Technician,176,383,053-178-0178
179,2019-08-26,Electrician,36,315,053-179-0179
180,2019-07-14,Coordinator,185,92,053-180-0180
181,2019-01-15,Paramedic,377,65,053-181-0181
182,2019-08-21,Driver,309,322,053-182-0182
183,2019-05-30,Guard,49,38,053-183-0183
184,2019-06-02,Supervisor,282,483,053-184-0184
185,2019-03-24,Firefighter,18,309,053-185-0185
186,2019-04-13,Mechanic,2,35,053-186-0186
187,2019-10-10,Soldier,252,150,053-187-0187
188,2019-01-10,Manager,120,79,053-188-0188
189,2019-08-03,Security,74,119,053-189-0189
190,2019-01-29,Pilot,475,16,053-190-0190
191,2019-05-21,Receptionist,135,479,053-191-0191
192,2019-04-21,Driver,442,24,053-192-0192
193,2019-09-04,Secretary,173,165,053-193-0193
194,2019-01-21,Volunteer,424,381,053-194-0194
195,2019-09-27,Technician,8,95,053-195-0195
196,2019-05-16,Supervisor,79,43,053-196-0196
197,2019-03-24,Driver,44,169,053-197-0197
198,2019-03-18,Mechanic,301,374,053-198-0198
199,2019-08-24,Firefighter,202,92,053-199-0199
200,2019-02-12,Security,320,224,053-200-0200
201,2019-02-27,Guard,204,476,053-201-0201
202,2019-04-05,Firefighter,88,75,053-202-0202
203,2019-11-15,Technician,263,474,053-203-0203
204,2019-03-19,Mechanic,409,179,053-204-0204
205,2019-04-29,Paramedic,398,331,053-205-0205
206,2019-06-17,Technician,495,159,053-206-0206
207,2019-06-26,Coordinator,412,496,053-207-0207
208,2019-07-08,Coordinator,53,413,053-208-0208
209,2019-05-05,Police,306,440,053-209-0209
210,2019-12-26,Coordinator,256,319,053-210-0210
211,2019-01-16,Pilot,285,187,053-211-0211
212,2019-04-23,Security,29,381,053-212-0212
213,2019-06-28,Secretary,367,138,053-213-0213
214,2019-01-04,Security,97,25,053-214-0214
215,2019-08-04,Paramedic,114,266,053-215-0215
216,2019-05-06,Soldier,289,193,053-216-0216
217,2019-02-08,Secretary,224,120,053-217-0217
218,2019-11-10,Coordinator,166,217,053-218-0218
219,2019-12-26,Technician,182,259,053-219-0219
220,2019-04-18,Supervisor,295,479,053-220-0220
221,2019-11-18,Doctor,143,479,053-221-0221
222,2019-10-12,Paramedic,216,209,053-222-0222
223,2019-03-15,Supervisor,273,248,053-223-0223
224,2019-07-25,Security,431,342,053-224-0224
225,2019-05-16,Manager,415,235,053-225-0225
226,2019-06-13,Pilot,324,411,053-226-0226
227,2019-09-07,Driver,144,34,053-227-0227
228,2019-10-15,Supervisor,261,101,053-228-0228
229,2019-09-02,Soldier,346,87,053-229-0229
230,2019-12-20,Firefighter,271,159,053-230-0230
231,2019-05-10,Mechanic,213,117,053-231-0231
232,2019-03-15,Nurse,248,365,053-232-0232
233,2019-10-07,Electrician,268,215,053-233-0233
234,2019-11-03,Soldier,336,364,053-234-0234
235,2019-11-24,Guard,403,353,053-235-0235
236,2019-06-17,Manager,162,155,053-236-0236
237,2019-08-28,Manager,62,172,053-237-0237
238,2019-01-09,Firefighter,285,74,053-238-0238
239,2019-05-11,Nurse,484,63,053-239-0239
240,2019-10-23,Manager,382,46,053-240-0240
241,2019-02-11,Secretary,47,477,053-241-0241
242,2019-12-14,Firefighter,18,153,053-242-0242
243,2019-05-20,Guard,220,498,053-243-0243
244,2019-02-20,Receptionist,76,179,053-244-0244
245,2019-09-05,Guard,33,324,053-245-0245
246,2019-10-05,Volunteer,165,59,053-246-0246
247,2019-01-04,Police,314,427,053-247-0247
248,2019-08-05,Engineer,310,30,053-248-0248
249,2019-03-09,Manager,117,462,053-249-0249
250,2019-01-01,Secretary,441,175,053-250-0250
251,2019-07-16,Coordinator,389,324,053-251-0251
252,2019-07-01,Manager,363,52,053-252-0252
253,2019-06-14,Doctor,59,321,053-253-0253
254,2019-11-03,Receptionist,208,391,053-254-0254
255,2019-10-13,Guard,267,204,053-255-0255
256,2019-05-28,Pilot,467,188,053-256-0256
257,2019-06-11,Technician,31,87,053-257-0257
258,2019-08-23,Doctor,168,11,053-258-0258
259,2019-02-17,Engineer,187,350,053-259-0259
260,2019-12-05,Supervisor,314,144,053-260-0260
261,2019-02-26,Volunteer,197,306,053-261-0261
262,2019-08-20,Electrician,472,481,053-262-0262
263,2019-03-17,Guard,257,136,053-263-0263
264,2019-07-18,Coordinator,488,173,053-264-0264
265,2019-05-03,Receptionist,114,44,053-265-0265
266,2019-08-02,Coordinator,252,110,053-266-0266
267,2019-12-18,Mechanic,479,148,053-267-0267
268,2019-02-16,Soldier,104,453,053-268-0268
269,2019-07-20,Police,161,263,053-269-0269
270,2019-03-21,Secretary,129,365,053-270-0270
271,2019-11-16,Manager,339,58,053-271-0271
272,2019-12-25,Nurse,166,248,053-272-0272
273,2019-09-21,Paramedic,487,472,053-273-0273
274,2019-12-26,Electrician,438,367,053-274-0274
275,2019-03-30,Guard,228,409,053-275-0275
276,2019-02-16,Soldier,473,401,053-276-0276
277,2019-12-03,Receptionist,85,30,053-277-0277
278,2019-10-08,Coordinator,292,106,053-278-0278
279,2019-04-28,Volunteer,319,460,053-279-0279
280,2019-09-25,Mechanic,424,156,053-280-0280
281,2019-05-16,Guard,19,385,053-281-0281
282,2019-04-08,Nurse,317,400,053-282-0282
283,2019-04-15,Guard,173,141,053-283-0283
284,2019-01-28,Electrician,340,321,053-284-0284
285,2019-12-15,Engineer,7,355,053-285-0285
286,2019-05-21,Pilot,236,223,053-286-0286
287,2019-12-26,Doctor,273,432,053-287-0287
288,2019-04-15,Electrician,101,394,053-288-0288
289,2019-05-30,Firefighter,312,60,053-289-0289
290,2019-07-03,Mechanic,74,344,053-290-0290
291,2019-07-21,Receptionist,184,31,053-291-0291
292,2019-01-17,Receptionist,276,106,053-292-0292
293,2019-03-18,Paramedic,355,234,053-293-0293
294,2019-07-21,Electrician,190,427,053-294-0294
295,2019-11-12,Doctor,202,150,053-295-0295
296,2019-08-06,Secretary,175,345,053-296-0296
297,2019-10-10,Technician,286,248,053-297-0297
298,2019-11-27,Coordinator,118,85,053-298-0298
299,2019-04-12,Engineer,389,488,053-299-0299
300,2019-03-16,Coordinator,273,70,053-300-0300
301,2019-05-03,Guard,329,189,053-301-0301
302,2019-04-11,Mechanic,119,203,053-302-0302
303,2019-02-11,Guard,477,391,053-303-0303
304,2019-09-26,Technician,98,208,053-304-0304
305,2019-04-26,Receptionist,266,129,053-305-0305
306,2019-11-24,Technician,416,287,053-306-0306
307,2019-03-06,Coordinator,303,284,053-307-0307
308,2019-12-11,Volunteer,454,194,053-308-0308
309,2019-06-01,Coordinator,345,296,053-309-0309
310,2019-12-23,Secretary,337,492,053-310-0310
311,2019-12-05,Firefighter,241,223,053-311-0311
312,2019-06-22,Supervisor,126,1,053-312-0312
313,2019-03-17,Nurse,424,476,053-313-0313
314,2019-03-16,Electrician,121,181,053-314-0314
315,2019-05-06,Electrician,159,457,053-315-0315
316,2019-11-13,Volunteer,102,320,053-316-0316
317,2019-12-30,Engineer,14,251,053-317-0317
318,2019-10-04,Pilot,96,303,053-318-0318
319,2019-07-25,Security,119,55,053-319-0319
320,2019-07-28,Doctor,86,265,053-320-0320
321,2019-05-27,Mechanic,147,487,053-321-0321
322,2019-08-08,Security,324,240,053-322-0322
323,2019-05-30,Mechanic,218,222,053-323-0323
324,2019-01-17,Coordinator,142,192,053-324-0324
325,2019-09-05,Technician,107,26,053-325-0325
326,2019-08-14,Driver,127,67,053-326-0326
327,2019-01-05,Secretary,81,224,053-327-0327
328,2019-11-27,Technician,207,72,053-328-0328
329,2019-06-13,Doctor,426,190,053-329-0329
330,2019-08-22,Engineer,248,355,053-330-0330
331,2019-03-18,Soldier,280,220,053-331-0331
332,2019-01-22,Secretary,323,262,053-332-0332
333,2019-03-21,Volunteer,471,304,053-333-0333
334,2019-01-09,Security,342,423,053-334-0334
335,2019-09-23,Volunteer,266,187,053-335-0335
336,2019-01-22,Security,335,417,053-336-0336
337,2019-09-27,Manager,127,107,053-337-0337
338,2019-04-06,Supervisor,99,386,053-338-0338
339,2019-05-16,Receptionist,40,408,053-339-0339
340,2019-05-13,Security,387,69,053-340-0340
341,2019-05-31,Firefighter,72,248,053-341-0341
342,2019-09-26,Pilot,456,34,053-342-0342
343,2019-10-05,Supervisor,236,145,053-343-0343
344,2019-03-16,Electrician,23,391,053-344-0344
345,2019-10-20,Driver,474,410,053-345-0345
346,2019-03-27,Driver,28,193,053-346-0346
347,2019-07-14,Coordinator,368,236,053-347-0347
348,2019-06-05,Driver,383,491,053-348-0348
349,2019-11-21,Secretary,264,439,053-349-0349
350,2019-05-20,Manager,192,62,053-350-0350
351,2019-04-11,Manager,127,387,053-351-0351
352,2019-03-18,Mechanic,209,397,053-352-0352
353,2019-01-04,Police,86,53,053-353-0353
354,2019-10-14,Volunteer,395,409,053-354-0354
355,2019-09-15,Doctor,97,131,053-355-0355
356,2019-12-04,Guard,108,96,053-356-0356
357,2019-07-14,Volunteer,140,346,053-357-0357
358,2019-09-28,Paramedic,499,197,053-358-0358
359,2019-06-20,Police,159,50,053-359-0359
360,2019-11-30,Mechanic,121,388,053-360-0360
361,2019-10-23,Coordinator,322,376,053-361-0361
362,2019-01-09,Secretary,180,260,053-362-0362
363,2019-11-21,Security,197,420,053-363-0363
364,2019-11-12,Electrician,56,140,053-364-0364
365,2019-11-16,Mechanic,269,35,053-365-0365
366,2019-06-21,Engineer,184,401,053-366-0366
367,2019-02-04,Doctor,348,345,053-367-0367
368,2019-02-25,Security,353,94,053-368-0368
369,2019-03-11,Receptionist,113,4,053-369-0369
370,2019-07-07,Mechanic,494,277,053-370-0370
371,2019-09-17,Pilot,288,478,053-371-0371
372,2019-05-22,Nurse,232,295,053-372-0372
373,2019-03-09,Police,110,225,053-373-0373
374,2019-12-16,Volunteer,276,333,053-374-0374
375,2019-03-29,Secretary,402,499,053-375-0375
376,2019-02-16,Soldier,440,434,053-376-0376
377,2019-06-03,Soldier,61,100,053-377-0377
378,2019-06-11,Electrician,118,177,053-378-0378
379,2019-06-20,Doctor,117,16,053-379-0379
380,2019-06-12,Mechanic,82,483,053-380-0380
381,2019-11-19,Technician,279,305,053-381-0381
382,2019-07-16,Manager,458,248,053-382-0382
383,2019-12-27,Technician,86,496,053-383-0383
384,2019-10-08,Mechanic,124,149,053-384-0384
385,2019-05-24,Supervisor,374,321,053-385-0385
386,2019-12-29,Coordinator,61,205,053-386-0386
387,2019-08-01,Manager,202,176,053-387-0387
388,2019-05-16,Coordinator,8,153,053-388-0388
389,2019-03-30,Pilot,124,65,053-389-0389
390,2019-10-22,Guard,464,270,053-390-0390
391,2019-01-14,Volunteer,256,381,053-391-0391
392,2019-04-04,Manager,321,276,053-392-0392
393,2019-02-27,Guard,434,231,053-393-0393
394,2019-01-13,Technician,7,319,053-394-0394
395,2019-10-25,Supervisor,254,264,053-395-0395
396,2019-07-30,Coordinator,176,320,053-396-0396
397,2019-02-21,Nurse,228,302,053-397-0397
398,2019-12-04,Receptionist,38,206,053-398-0398
399,2019-08-02,Engineer,358,234,053-399-0399
400,2019-06-15,Secretary,219,421,053-400-0400
401,2019-06-17,Firefighter,155,132,053-401-0401
402,2019-02-04,Manager,391,187,053-402-0402
403,2019-01-29,Pilot,313,456,053-403-0403
404,2019-11-28,Police,292,320,053-404-0404
405,2019-01-14,Receptionist,13,184,053-405-0405
406,2019-07-05,Driver,460,235,053-406-0406
407,2019-09-24,Nurse,115,147,053-407-0407
408,2019-10-30,Coordinator,446,155,053-408-0408
409,2019-06-16,Pilot,374,70,053-409-0409
410,2019-09-30,Police,344,371,053-410-0410
411,2019-06-18,Doctor,490,499,053-411-0411
412,2019-02-11,Pilot,177,221,053-412-0412
413,2019-07-11,Nurse,68,365,053-413-0413
414,2019-02-18,Guard,96,109,053-414-0414
415,2019-08-23,Coordinator,269,365,053-415-0415
416,2019-02-12,Nurse,325,130,053-416-0416
417,2019-07-02,Security,282,244,053-417-0417
418,2019-04-23,Guard,450,1,053-418-0418
419,2019-03-31,Nurse,82,180,053-419-0419
420,2019-02-23,Doctor,455,270,053-420-0420
421,2019-11-21,Paramedic,224,23,053-421-0421
422,2019-11-26,Secretary,226,277,053-422-0422
423,2019-01-09,Volunteer,308,321,053-423-0423
424,2019-12-03,Firefighter,200,176,053-424-0424
425,2019-11-26,Coordinator,249,181,053-425-0425
426,2019-03-18,Firefighter,301,164,053-426-0426
427,2019-09-14,Doctor,308,410,053-427-0427
428,2019-12-27,Soldier,419,251,053-428-0428
429,2019-08-23,Soldier,237,85,053-429-0429
430,2019-06-02,Volunteer,33,469,053-430-0430
431,2019-08-15,Engineer,158,39,053-431-0431
432,2019-08-16,Guard,145,97,053-432-0432
433,2019-05-05,Technician,338,196,053-433-0433
434,2019-06-30,Soldier,335,92,053-434-0434
435,2019-03-09,Volunteer,181,174,053-435-0435
436,2019-02-12,Pilot,303,143,053-436-0436
437,2019-02-25,Secretary,407,265,053-437-0437
438,2019-01-18,Engineer,126,478,053-438-0438
439,2019-12-28,Engineer,164,399,053-439-0439
440,2019-06-24,Nurse,338,157,053-440-0440
441,2019-07-27,Supervisor,458,367,053-441-0441
442,2019-09-19,Guard,38,326,053-442-0442
443,2019-01-13,Mechanic,214,48,053-443-0443
444,2019-01-28,Guard,198,63,053-444-0444
445,2019-02-21,Manager,418,10,053-445-0445
446,2019-06-28,Soldier,468,388,053-446-0446
447,2019-05-16,Driver,258,441,053-447-0447
448,2019-08-25,Manager,177,431,053-448-0448
449,2019-09-01,Mechanic,433,321,053-449-0449
450,2019-03-17,Coordinator,57,136,053-450-0450
451,2019-06-09,Nurse,79,456,053-451-0451
452,2019-08-06,Secretary,365,235,053-452-0452
453,2019-04-12,Soldier,178,51,053-453-0453
454,2019-01-14,Supervisor,486,77,053-454-0454
455,2019-02-23,Driver,116,257,053-455-0455
456,2019-02-24,Driver,324,228,053-456-0456
457,2019-12-15,Paramedic,262,135,053-457-0457
458,2019-05-21,Technician,135,331,053-458-0458
459,2019-11-05,Firefighter,28,450,053-459-0459
460,2019-05-25,Secretary,489,281,053-460-0460
461,2019-01-20,Technician,100,424,053-461-0461
462,2019-05-25,Manager,390,483,053-462-0462
463,2019-05-21,Firefighter,247,46,053-463-0463
464,2019-09-03,Engineer,379,178,053-464-0464
465,2019-07-25,Supervisor,66,419,053-465-0465
466,2019-01-31,Security,292,460,053-466-0466
467,2019-11-16,Electrician,112,420,053-467-0467
468,2019-07-14,Secretary,494,378,053-468-0468
469,2019-02-13,Driver,113,233,053-469-0469
470,2019-04-14,Nurse,320,67,053-470-0470
471,2019-02-23,Police,461,309,053-471-0471
472,2019-05-21,Receptionist,483,386,053-472-0472
473,2019-01-20,Engineer,202,466,053-473-0473
474,2019-05-02,Guard,405,259,053-474-0474
475,2019-01-29,Coordinator,73,38,053-475-0475
476,2019-02-01,Guard,370,26,053-476-0476
477,2019-04-17,Mechanic,118,302,053-477-0477
478,2019-03-03,Volunteer,299,393,053-478-0478
479,2019-02-25,Technician,216,176,053-479-0479
480,2019-03-29,Secretary,306,266,053-480-0480
481,2019-07-26,Nurse,6,181,053-481-0481
482,2019-12-11,Receptionist,367,443,053-482-0482
483,2019-06-30,Nurse,139,198,053-483-0483
484,2019-04-21,Pilot,196,88,053-484-0484
485,2019-09-18,Manager,222,407,053-485-0485
486,2019-03-29,Mechanic,163,30,053-486-0486
487,2019-11-06,Pilot,380,415,053-487-0487
488,2019-04-20,Firefighter,141,79,053-488-0488
489,2019-04-27,Firefighter,155,299,053-489-0489
490,2019-12-19,Nurse,298,439,053-490-0490
491,2019-10-29,Supervisor,303,421,053-491-0491
492,2019-10-11,Mechanic,26,432,053-492-0492
493,2019-08-02,Security,315,136,053-493-0493
494,2019-03-05,Supervisor,254,195,053-494-0494
495,2019-09-12,Engineer,357,398,053-495-0495
496,2019-04-08,Electrician,261,302,053-496-0496
497,2019-10-21,Volunteer,348,374,053-497-0497
498,2019-09-28,Nurse,143,306,053-498-0498
499,2019-05-23,Coordinator,274,199,053-499-0499
